days,repository_language,lang_count
2013-09-10,PHP,10047
2012-04-13,PHP,15888
2013-01-16,PHP,7244
2012-04-02,PHP,14766
2012-09-20,PHP,7258
2013-06-06,PHP,9999
2012-10-07,PHP,4399
2012-07-21,PHP,6944
2013-09-19,PHP,8534
2012-09-22,PHP,3856
2013-01-19,PHP,4450
2013-05-01,PHP,9090
2013-09-16,PHP,11021
2012-06-13,PHP,16392
2013-07-15,PHP,9907
2013-04-11,PHP,10908
2012-03-18,PHP,10917
2013-03-11,PHP,9219
2013-06-10,PHP,9709
2013-03-02,PHP,5905
2013-06-05,PHP,10649
2013-04-24,PHP,10691
2013-01-29,PHP,8424
2013-01-28,PHP,7921
2012-09-19,PHP,7314
2012-11-17,PHP,5093
2013-02-08,PHP,7220
2013-01-08,PHP,8196
2012-12-04,PHP,8536
2012-12-26,PHP,4778
2012-10-06,PHP,4361
2013-02-09,PHP,4748
2012-04-01,PHP,10140
2012-09-23,PHP,4267
2013-09-03,PHP,10161
2013-05-08,PHP,10022
2013-07-24,PHP,9903
2013-01-14,PHP,7828
2012-10-14,PHP,4416
2012-05-03,PHP,17421
2012-05-29,PHP,16341
2013-06-28,PHP,9081
2013-08-22,PHP,10374
2012-10-18,PHP,7050
2013-10-02,PHP,10881
2012-12-13,PHP,8274
2012-12-01,PHP,4747
2012-10-31,PHP,7616
2012-03-28,PHP,16482
2012-10-10,PHP,7427
2012-05-20,PHP,10605
2012-07-06,PHP,11038
2013-04-14,PHP,6866
2012-04-24,PHP,17742
2013-06-16,PHP,5985
2012-03-26,PHP,15957
2013-10-01,PHP,10220
2012-10-30,PHP,7610
2012-04-11,PHP,15432
2013-07-16,PHP,10455
2012-08-07,PHP,11134
2013-06-23,PHP,6369
2013-08-04,PHP,5742
2012-06-22,PHP,10642
2012-03-29,PHP,16242
2013-01-02,PHP,6194
2013-02-21,PHP,9058
2013-01-05,PHP,5139
2013-02-02,PHP,4397
2012-08-09,PHP,12088
2012-10-09,PHP,7274
2013-02-23,PHP,5928
2013-05-17,PHP,9521
2012-06-30,PHP,6652
2012-10-16,PHP,7489
2012-03-15,PHP,14739
2013-01-12,PHP,4876
2013-03-12,PHP,9572
2013-01-11,PHP,7967
2013-07-05,PHP,8843
2013-03-15,PHP,9195
2013-06-03,PHP,10515
2012-05-08,PHP,15366
2012-05-19,PHP,9087
2012-06-06,PHP,15945
2012-06-01,PHP,15993
2013-10-06,PHP,7069
2013-07-25,PHP,10552
2012-09-18,PHP,7069
2012-11-02,PHP,6857
2012-06-25,PHP,11448
2013-06-27,PHP,10336
2012-12-06,PHP,8603
2012-10-08,PHP,6465
2012-04-06,PHP,13254
2012-05-04,PHP,15678
2012-07-22,PHP,7370
2013-06-15,PHP,5305
2013-04-10,PHP,10653
2013-01-30,PHP,8436
2013-07-21,PHP,6470
2012-12-30,PHP,4451
2013-03-06,PHP,9049
2012-11-18,PHP,5089
2013-02-04,PHP,7125
2012-03-27,PHP,15876
2013-04-25,PHP,10686
2012-07-29,PHP,7374
2013-01-27,PHP,5227
2013-01-03,PHP,7484
2012-05-06,PHP,11691
2013-09-24,PHP,10141
2013-03-20,PHP,10784
2012-09-13,PHP,8586
2012-05-26,PHP,9900
2013-01-15,PHP,8011
2012-11-03,PHP,4462
2013-02-24,PHP,6633
2012-09-16,PHP,4006
2012-07-11,PHP,12148
2012-12-21,PHP,6651
2012-08-02,PHP,11686
2013-09-06,PHP,7798
2012-11-09,PHP,7564
2013-04-12,PHP,9982
2013-03-03,PHP,6342
2012-07-07,PHP,6598
2012-08-03,PHP,11494
2013-07-26,PHP,10002
2013-07-07,PHP,5593
2013-05-15,PHP,10335
2012-07-24,PHP,11884
2012-07-09,PHP,11622
2012-06-18,PHP,11660
2012-04-17,PHP,17514
2012-03-24,PHP,10020
2012-11-23,PHP,6212
2013-06-04,PHP,10490
2012-05-13,PHP,9915
2012-06-11,PHP,16482
2013-09-17,PHP,10947
2012-04-16,PHP,16467
2012-05-15,PHP,16176
2012-06-16,PHP,7496
2013-09-13,PHP,10228
2013-07-27,PHP,5866
2012-07-04,PHP,10604
2013-09-25,PHP,9893
2012-07-31,PHP,11924
2012-09-08,PHP,7480
2013-01-07,PHP,8161
2012-04-14,PHP,11115
2012-08-11,PHP,7342
2012-07-10,PHP,11456
2012-06-20,PHP,11818
2013-05-21,PHP,10415
2013-01-09,PHP,8582
2012-09-05,PHP,13212
2012-06-29,PHP,10768
2013-01-20,PHP,5229
2013-04-30,PHP,10039
2012-06-03,PHP,11508
2013-07-06,PHP,5231
2012-08-24,PHP,23644
2012-07-23,PHP,11610
2012-12-14,PHP,7640
2012-04-09,PHP,13959
2012-06-02,PHP,10737
2012-06-05,PHP,16119
2013-09-28,PHP,5758
2012-08-31,PHP,21168
2012-06-08,PHP,15285
2013-05-25,PHP,6301
2013-09-07,PHP,6157
2012-06-15,PHP,10188
2013-02-14,PHP,7470
2012-05-10,PHP,15879
2012-03-31,PHP,9567
2012-05-27,PHP,10317
2012-06-28,PHP,11320
2012-04-12,PHP,15081
2013-07-17,PHP,10857
2013-09-09,PHP,10059
2012-10-04,PHP,6933
2012-05-22,PHP,17325
2013-03-07,PHP,9705
2012-09-27,PHP,7111
2013-08-24,PHP,5548
2012-09-07,PHP,12642
2012-04-23,PHP,17250
2012-08-27,PHP,26140
2013-08-25,PHP,6238
2012-06-17,PHP,6606
2012-07-01,PHP,7192
2012-04-15,PHP,11475
2013-10-08,PHP,11075
2013-05-09,PHP,10011
2012-09-30,PHP,4129
2013-08-23,PHP,9608
2013-08-03,PHP,5459
2013-03-08,PHP,8965
2012-11-05,PHP,7513
2012-07-08,PHP,6876
2012-09-17,PHP,6818
2012-04-22,PHP,11472
2013-05-07,PHP,10259
2012-05-24,PHP,17088
2012-08-17,PHP,11548
2012-12-23,PHP,3746
2012-08-16,PHP,12446
2012-09-12,PHP,13450
2013-05-26,PHP,6400
2012-08-08,PHP,12190
2013-05-13,PHP,10584
2013-05-22,PHP,10398
2013-06-24,PHP,9654
2012-07-05,PHP,10930
2013-05-10,PHP,9368
2012-10-25,PHP,7590
2013-07-19,PHP,10159
2012-09-15,PHP,3757
2012-07-27,PHP,10980
2013-07-02,PHP,9499
2012-05-17,PHP,15255
2013-01-23,PHP,8423
2012-07-03,PHP,11446
2013-03-17,PHP,7288
2013-09-30,PHP,10684
2013-09-20,PHP,8448
2012-03-20,PHP,15360
2012-12-25,PHP,3464
2013-08-31,PHP,5410
2012-11-15,PHP,7788
2013-03-04,PHP,9703
2013-10-05,PHP,6090
2012-10-01,PHP,6233
2013-06-07,PHP,9135
2012-08-04,PHP,6624
2013-02-06,PHP,7633
2013-01-18,PHP,7277
2013-07-09,PHP,10597
2012-06-26,PHP,12426
2012-12-19,PHP,8180
2012-09-11,PHP,13096
2012-12-27,PHP,6108
2013-02-10,PHP,4984
2012-06-12,PHP,16836
2013-02-05,PHP,7741
2012-09-09,PHP,8272
2013-09-12,PHP,10740
2012-05-28,PHP,13728
2013-04-15,PHP,9643
2012-12-05,PHP,8430
2012-07-26,PHP,12432
2012-05-07,PHP,16359
2012-04-27,PHP,14874
2013-02-13,PHP,7527
2013-03-10,PHP,6455
2013-05-16,PHP,9132
2013-07-31,PHP,10152
2012-06-19,PHP,11700
2012-05-16,PHP,15822
2012-09-10,PHP,12770
2012-05-23,PHP,17634
2013-03-09,PHP,6233
2013-02-17,PHP,5164
2012-05-11,PHP,13734
2013-09-08,PHP,6506
2013-07-14,PHP,6042
2012-12-28,PHP,5736
2012-09-26,PHP,6855
2012-06-09,PHP,9858
2013-07-20,PHP,5600
2013-04-19,PHP,9011
2013-09-01,PHP,5960
2012-04-28,PHP,9192
2013-07-01,PHP,9166
2013-04-22,PHP,10387
2013-09-02,PHP,9284
2012-07-20,PHP,9954
2013-08-28,PHP,10243
2012-03-21,PHP,20391
2013-08-12,PHP,8971
2012-05-14,PHP,15330
2012-06-07,PHP,15045
2013-04-23,PHP,10642
2013-05-24,PHP,9856
2013-10-09,PHP,11802
2012-06-24,PHP,7348
2012-11-19,PHP,8149
2012-06-21,PHP,11298
2012-07-25,PHP,12324
2013-01-17,PHP,7995
2013-05-14,PHP,9916
2013-08-30,PHP,8889
2013-07-23,PHP,11083
2013-02-18,PHP,7867
2012-11-20,PHP,8540
2012-12-24,PHP,4238
2012-08-29,PHP,24652
2012-07-17,PHP,12384
2013-09-21,PHP,6610
2013-04-02,PHP,9753
2013-07-04,PHP,9247
2013-01-04,PHP,7878
2013-04-27,PHP,6918
2012-09-03,PHP,11394
2013-09-11,PHP,10700
2013-07-29,PHP,10130
2013-06-19,PHP,9768
2013-08-18,PHP,6202
2013-04-05,PHP,9514
2012-08-21,PHP,24624
2012-03-19,PHP,15843
2013-03-18,PHP,8993
2012-07-19,PHP,12208
2012-11-24,PHP,4942
2012-06-04,PHP,15870
2012-12-31,PHP,4801
2013-08-11,PHP,5600
2013-10-04,PHP,9757
2013-03-25,PHP,10393
2013-08-08,PHP,9495
2012-12-17,PHP,7983
2013-08-15,PHP,7813
2012-11-13,PHP,8231
2013-06-13,PHP,10376
2013-03-27,PHP,10361
2013-08-10,PHP,5209
2012-10-13,PHP,4237
2013-05-27,PHP,9409
2013-03-24,PHP,6948
2012-09-04,PHP,12268
2013-05-19,PHP,6180
2012-08-10,PHP,11124
2013-06-22,PHP,5521
2013-06-01,PHP,5785
2013-06-14,PHP,9180
2013-08-14,PHP,9650
2013-07-30,PHP,10852
2012-08-22,PHP,24828
2013-06-20,PHP,9763
2013-04-17,PHP,8941
2013-04-01,PHP,8821
2012-12-18,PHP,8077
2012-03-25,PHP,10431
2013-08-26,PHP,10099
2012-07-13,PHP,11216
2012-10-29,PHP,7230
2013-08-13,PHP,9613
2013-04-26,PHP,8986
2013-05-18,PHP,5786
2013-05-06,PHP,9684
2013-06-18,PHP,10574
2012-11-21,PHP,8319
2012-07-28,PHP,6756
2012-05-09,PHP,16761
2013-09-14,PHP,6366
2013-04-04,PHP,9872
2013-07-12,PHP,10024
2013-06-29,PHP,5326
2012-10-11,PHP,7271
2012-10-23,PHP,7632
2013-04-13,PHP,6637
2013-10-11,PHP,11477
2013-09-29,PHP,7184
2012-04-08,PHP,10227
2012-08-05,PHP,7474
2013-09-15,PHP,6955
2012-05-01,PHP,14718
2013-03-28,PHP,9796
2012-07-16,PHP,11720
2013-05-05,PHP,6457
2013-02-27,PHP,10382
2013-10-07,PHP,10822
2012-07-30,PHP,11480
2013-08-27,PHP,10573
2012-12-15,PHP,4758
2013-02-28,PHP,10306
2013-04-16,PHP,8923
2012-04-04,PHP,16350
2013-08-19,PHP,9607
2012-11-16,PHP,7179
2013-04-07,PHP,7285
2013-06-11,PHP,9839
2012-09-06,PHP,12782
2013-01-06,PHP,5566
2013-06-02,PHP,6507
2012-08-01,PHP,11974
2013-02-15,PHP,6775
2013-10-13,PHP,6669
2012-08-25,PHP,16244
2012-08-30,PHP,22664
2012-08-13,PHP,12030
2012-09-29,PHP,3879
2013-10-10,PHP,11279
2013-05-04,PHP,6256
2012-11-28,PHP,8553
2013-04-28,PHP,6817
2012-09-25,PHP,6331
2013-08-17,PHP,5284
2013-08-16,PHP,8163
2012-08-06,PHP,11940
2013-08-09,PHP,8980
2013-05-28,PHP,9731
2012-08-23,PHP,25292
2012-12-08,PHP,4802
2013-08-05,PHP,10019
2013-04-29,PHP,9731
2012-04-20,PHP,16455
2012-12-29,PHP,4470
2012-11-07,PHP,7564
2012-04-07,PHP,10332
2012-06-27,PHP,12248
2012-08-19,PHP,13352
2012-12-10,PHP,8111
2013-05-31,PHP,9818
2012-08-26,PHP,15932
2013-07-11,PHP,10272
2012-10-02,PHP,6644
2013-07-28,PHP,6422
2013-01-26,PHP,4981
2012-08-12,PHP,7940
2012-08-15,PHP,11692
2012-06-10,PHP,10329
2012-04-29,PHP,9933
2012-11-27,PHP,8582
2013-02-12,PHP,7425
2013-03-16,PHP,6265
2012-11-14,PHP,8079
2012-08-18,PHP,6862
2013-08-02,PHP,9144
2013-08-21,PHP,10120
2013-03-05,PHP,9021
2012-12-16,PHP,5181
2012-05-31,PHP,16026
2013-05-29,PHP,10916
2013-01-25,PHP,7612
2012-05-12,PHP,10077
2012-08-20,PHP,23124
2012-06-14,PHP,11467
2013-08-06,PHP,9936
2012-04-05,PHP,15102
2012-07-14,PHP,6426
2012-03-13,PHP,14856
2013-01-24,PHP,8240
2013-09-04,PHP,3921
2013-07-18,PHP,10845
2013-07-10,PHP,10327
2012-11-30,PHP,7061
2013-03-23,PHP,6660
2013-10-03,PHP,10162
2012-10-12,PHP,6694
2012-09-02,PHP,7228
2012-11-10,PHP,4719
2012-12-09,PHP,5318
2013-04-09,PHP,11129
2012-08-14,PHP,13164
2012-08-28,PHP,26112
2012-07-18,PHP,10492
2013-02-11,PHP,6992
2012-05-18,PHP,14622
2012-12-07,PHP,7707
2012-03-30,PHP,14667
2012-05-05,PHP,10287
2013-09-27,PHP,9750
2013-04-18,PHP,9801
2012-09-28,PHP,6248
2013-04-03,PHP,10417
2012-04-30,PHP,14742
2013-03-30,PHP,6109
2012-09-21,PHP,6993
2012-09-24,PHP,6448
2013-08-07,PHP,8946
2013-10-12,PHP,6819
2013-02-16,PHP,4259
2013-06-08,PHP,5509
2013-03-19,PHP,10305
2013-02-01,PHP,7161
2013-05-03,PHP,9445
2012-09-14,PHP,5989
2012-10-17,PHP,7148
2012-12-22,PHP,3950
2013-06-25,PHP,10835
2013-03-21,PHP,10448
2013-05-12,PHP,6331
2012-04-18,PHP,16968
2012-11-29,PHP,7961
2013-01-22,PHP,8115
2013-01-21,PHP,7781
2012-11-25,PHP,5393
2012-11-26,PHP,8132
2012-04-25,PHP,15939
2012-11-04,PHP,5187
2012-11-01,PHP,6959
2012-07-12,PHP,11430
2013-01-10,PHP,9063
2012-04-19,PHP,17955
2013-03-29,PHP,9331
2013-05-23,PHP,10267
2012-07-15,PHP,7452
2012-10-24,PHP,7469
2012-12-12,PHP,8165
2013-01-13,PHP,5311
2012-05-25,PHP,15114
2013-02-20,PHP,8160
2012-10-05,PHP,6511
2013-03-26,PHP,9699
2012-11-22,PHP,7087
2013-04-06,PHP,6670
2012-12-02,PHP,5626
2013-07-03,PHP,10261
2013-06-30,PHP,5974
2013-02-07,PHP,7736
2013-03-14,PHP,9270
2013-08-29,PHP,10809
2012-06-23,PHP,6520
2013-04-08,PHP,10847
2013-06-21,PHP,9360
2012-11-06,PHP,7652
2013-07-13,PHP,6016
2012-10-27,PHP,4635
2013-01-31,PHP,6790
2013-06-12,PHP,11273
2013-07-22,PHP,8866
2013-06-26,PHP,10157
2013-02-25,PHP,7867
2012-04-10,PHP,16386
2012-03-12,PHP,15660
2013-09-18,PHP,11111
2013-02-26,PHP,9871
2013-07-08,PHP,9614
2013-05-30,PHP,10174
2012-03-22,PHP,16704
2013-02-22,PHP,9322
2012-07-02,PHP,10996
2012-11-11,PHP,5347
2012-10-03,PHP,7190
2013-05-20,PHP,9270
2013-08-20,PHP,10036
2013-01-01,PHP,3607
2012-10-20,PHP,4329
2012-12-20,PHP,8268
2012-09-01,PHP,7394
2012-04-03,PHP,17166
2012-04-21,PHP,10224
2013-09-22,PHP,6765
2012-11-12,PHP,7566
2013-05-02,PHP,10089
2013-06-09,PHP,6100
2013-02-03,PHP,5144
2012-12-11,PHP,8316
2012-04-26,PHP,16254
2012-10-22,PHP,7179
2013-04-21,PHP,6530
2012-03-23,PHP,15114
2013-03-31,PHP,5903
2012-10-15,PHP,7498
2012-03-16,PHP,13800
2012-10-21,PHP,4498
2012-10-19,PHP,6847
2012-05-30,PHP,17331
2012-11-08,PHP,7573
2012-05-02,PHP,16221
2012-12-03,PHP,7928
2012-10-28,PHP,4913
2013-08-01,PHP,9839
2013-06-17,PHP,9969
2013-09-23,PHP,10367
2012-10-26,PHP,6748
2012-03-17,PHP,9021
2013-03-22,PHP,10130
2012-03-11,PHP,9132
2012-05-21,PHP,16296
2013-03-01,PHP,9932
2013-02-19,PHP,7991
2012-03-14,PHP,14850
2013-05-11,PHP,6358
2013-03-13,PHP,9810
2013-04-20,PHP,6498
2013-09-26,PHP,10370
